{"names": ["1", "2", "3", "4", "5", "6", "7", "8", "9", "A", "B", "BULLSEYE", "C", "CIRCLE", "D", "DOWN", "E", "F", "G", "H", "LEFT", "RIGHT", "S", "T", "U", "UP", "V", "W", "X", "Y", "Z"], "yaml": {"nc": 31, "depth_multiple": 0.33, "width_multiple": 0.5, "backbone": [[-1, 1, "Conv", [64, 3, 2]], [-1, 1, "Conv", [128, 3, 2]], [-1, 3, "C2f", [128, true]], [-1, 1, "Conv", [256, 3, 2]], [-1, 6, "C2f", [256, true]], [-1, 1, "Conv", [512, 3, 2]], [-1, 6, "C2f", [512, true]], [-1, 1, "Conv", [1024, 3, 2]], [-1, 3, "C2f", [1024, true]], [-1, 1, "SPPF", [1024, 5]]], "head": [[-1, 1, "nn.Upsample", ["None", 2, "nearest"]], [[-1, 6], 1, "Concat", [1]], [-1, 3, "C2f", [512]], [-1, 1, "nn.Upsample", ["None", 2, "nearest"]], [[-1, 4], 1, "Concat", [1]], [-1, 3, "C2f", [256]], [-1, 1, "Conv", [256, 3, 2]], [[-1, 12], 1, "Concat", [1]], [-1, 3, "C2f", [512]], [-1, 1, "Conv", [512, 3, 2]], [[-1, 9], 1, "Concat", [1]], [-1, 3, "C2f", [1024]], [[15, 18, 21], 1, "Segment", ["nc", 32, 256]]], "yaml_file": "/usr/src/app/ultralytics/yolo/v8/models/seg/yolov8s-seg.yaml", "ch": 3}, "nc": 31, "args": {"model": "/home/ubuntu/projects/mdp/mdp-cv/utils/../weights/raw/yolov8s-seg.pt", "batch": 16, "imgsz": 640}, "ultralytics_version": "8.2.79", "model_type": "yolov8-seg"}